TrueQB.ru,TrueQB.ru.sru
mds08a3@401,0.0167
mds08a3@402,0.2632
mds08a3@403,0.7619
mds08a3@404,0.0952
mds08a3@405,0.2353
mds08a3@406,0.3846
mds08a3@407,0.1875
mds08a3@408,0.1505
mds08a3@409,0.3
mds08a3@410,0.4154
mds08a3@411,0.4
mds08a3@412,0.0187
mds08a3@413,0.2031
mds08a3@414,0.2105
mds08a3@415,0.1417
mds08a3@416,0.2105
mds08a3@417,0.0441
mds08a3@418,0.1053
mds08a3@419,0.5
mds08a3@420,0.1935
mds08a3@421,0.0196
mds08a3@422,0.0606
mds08a3@423,0.8095
mds08a3@424,0.0339
mds08a3@425,0.15
mds08a3@426,0.0657
mds08a3@427,0.2128
mds08a3@428,0.09
mds08a3@429,0.5455
mds08a3@430,0.8333
mds08a3@431,0.1743
mds08a3@432,0.0
mds08a3@433,0.2727
mds08a3@434,0.0596
mds08a3@435,0.0211
mds08a3@436,0.0511
mds08a3@437,0.0732
mds08a3@438,0.0231
mds08a3@439,0.027
mds08a3@440,0.0577
mds08a3@441,0.7059
mds08a3@442,0.0167
mds08a3@443,0.0854
mds08a3@444,0.7647
mds08a3@445,0.1356
mds08a3@446,0.0526
mds08a3@447,0.9375
mds08a3@448,0.0789
mds08a3@449,0.1765
mds08a3@450,0.1192
mds08a4@401,0.0042
mds08a4@402,0.1447
mds08a4@403,0.8095
mds08a4@404,0.0577
mds08a4@405,0.2647
mds08a4@406,0.5385
mds08a4@407,0.2656
mds08a4@408,0.0957
mds08a4@409,0.25
mds08a4@410,0.4462
mds08a4@411,0.36
mds08a4@412,0.0
mds08a4@413,0.2188
mds08a4@414,0.2895
mds08a4@415,0.1833
mds08a4@416,0.2632
mds08a4@417,0.0588
mds08a4@418,0.1404
mds08a4@419,0.3125
mds08a4@420,0.3226
mds08a4@421,0.0
mds08a4@422,0.0303
mds08a4@423,0.6667
mds08a4@424,0.0169
mds08a4@425,0.1429
mds08a4@426,0.0584
mds08a4@427,0.1277
mds08a4@428,0.0909
mds08a4@429,0.5455
mds08a4@430,0.6667
mds08a4@431,0.2202
mds08a4@432,0.0
mds08a4@433,0.2727
mds08a4@434,0.0563
mds08a4@435,0.0526
mds08a4@436,0.0511
mds08a4@437,0.0732
mds08a4@438,0.093
mds08a4@439,0.027
mds08a4@440,0.0385
mds08a4@441,0.8824
mds08a4@442,0.082
mds08a4@443,0.0854
mds08a4@444,1.0
mds08a4@445,0.1864
mds08a4@446,0.0789
mds08a4@447,0.9375
mds08a4@448,0.0263
mds08a4@449,0.1765
mds08a4@450,0.1518
Dm8TFidf@401,0.0125
Dm8TFidf@402,0.1974
Dm8TFidf@403,0.8571
Dm8TFidf@404,0.1143
Dm8TFidf@405,0.2353
Dm8TFidf@406,0.2308
Dm8TFidf@407,0.1719
Dm8TFidf@408,0.117
Dm8TFidf@409,0.4
Dm8TFidf@410,0.3538
Dm8TFidf@411,0.44
Dm8TFidf@412,0.0
Dm8TFidf@413,0.2344
Dm8TFidf@414,0.1842
Dm8TFidf@415,0.2083
Dm8TFidf@416,0.1316
Dm8TFidf@417,0.0
Dm8TFidf@418,0.0439
Dm8TFidf@419,0.3125
Dm8TFidf@420,0.0645
Dm8TFidf@421,0.0
Dm8TFidf@422,0.0227
Dm8TFidf@423,0.7143
Dm8TFidf@424,0.1186
Dm8TFidf@425,0.0929
Dm8TFidf@426,0.0
Dm8TFidf@427,0.1489
Dm8TFidf@428,0.06
Dm8TFidf@429,0.3636
Dm8TFidf@430,0.8333
Dm8TFidf@431,0.0734
Dm8TFidf@432,0.0
Dm8TFidf@433,0.0
Dm8TFidf@434,0.0456
Dm8TFidf@435,0.0105
Dm8TFidf@436,0.0292
Dm8TFidf@437,0.0488
Dm8TFidf@438,0.0154
Dm8TFidf@439,0.036
Dm8TFidf@440,0.0385
Dm8TFidf@441,0.5294
Dm8TFidf@442,0.0164
Dm8TFidf@443,0.061
Dm8TFidf@444,0.5294
Dm8TFidf@445,0.1356
Dm8TFidf@446,0.0351
Dm8TFidf@447,0.75
Dm8TFidf@448,0.0526
Dm8TFidf@449,0.1961
Dm8TFidf@450,0.1399
UniNET8Lg@401,0.0208
UniNET8Lg@402,0.2763
UniNET8Lg@403,0.8571
UniNET8Lg@404,0.1048
UniNET8Lg@405,0.2353
UniNET8Lg@406,0.5385
UniNET8Lg@407,0.2344
UniNET8Lg@408,0.1398
UniNET8Lg@409,0.45
UniNET8Lg@410,0.4462
UniNET8Lg@411,0.52
UniNET8Lg@412,0.2056
UniNET8Lg@413,0.2031
UniNET8Lg@414,0.2632
UniNET8Lg@415,0.2417
UniNET8Lg@416,0.4737
UniNET8Lg@417,0.0
UniNET8Lg@418,0.1228
UniNET8Lg@419,0.3125
UniNET8Lg@420,0.4194
UniNET8Lg@421,0.0
UniNET8Lg@422,0.1061
UniNET8Lg@423,0.7143
UniNET8Lg@424,0.1441
UniNET8Lg@425,0.1786
UniNET8Lg@426,0.073
UniNET8Lg@427,0.1702
UniNET8Lg@428,0.13
UniNET8Lg@429,0.9091
UniNET8Lg@430,0.8333
UniNET8Lg@431,0.2037
UniNET8Lg@432,0.0
UniNET8Lg@433,0.2727
UniNET8Lg@434,0.0951
UniNET8Lg@435,0.0842
UniNET8Lg@436,0.1387
UniNET8Lg@437,0.0244
UniNET8Lg@438,0.1705
UniNET8Lg@439,0.027
UniNET8Lg@440,0.1731
UniNET8Lg@441,0.6471
UniNET8Lg@442,0.0328
UniNET8Lg@443,0.1481
UniNET8Lg@444,0.7059
UniNET8Lg@445,0.2034
UniNET8Lg@446,0.1491
UniNET8Lg@447,0.625
UniNET8Lg@448,0.1579
UniNET8Lg@449,0.1569
UniNET8Lg@450,0.1192
UniNET8St@401,0.0084
UniNET8St@402,0.1842
UniNET8St@403,0.9048
UniNET8St@404,0.0952
UniNET8St@405,0.2059
UniNET8St@406,0.6154
UniNET8St@407,0.2344
UniNET8St@408,0.1383
UniNET8St@409,0.35
UniNET8St@410,0.4615
UniNET8St@411,0.52
UniNET8St@412,0.2075
UniNET8St@413,0.2188
UniNET8St@414,0.2632
UniNET8St@415,0.225
UniNET8St@416,0.4474
UniNET8St@417,0.0
UniNET8St@418,0.1053
UniNET8St@419,0.1875
UniNET8St@420,0.4839
UniNET8St@421,0.0784
UniNET8St@422,0.0455
UniNET8St@423,0.6667
UniNET8St@424,0.1441
UniNET8St@425,0.1786
UniNET8St@426,0.0511
UniNET8St@427,0.2128
UniNET8St@428,0.14
UniNET8St@429,1.0
UniNET8St@430,1.0
UniNET8St@431,0.1743
UniNET8St@432,0.0
UniNET8St@433,0.2727
UniNET8St@434,0.0919
UniNET8St@435,0.0737
UniNET8St@436,0.0876
UniNET8St@437,0.0488
UniNET8St@438,0.0703
UniNET8St@439,0.027
UniNET8St@440,0.1538
UniNET8St@441,0.6471
UniNET8St@442,0.0492
UniNET8St@443,0.1341
UniNET8St@444,0.8235
UniNET8St@445,0.2203
UniNET8St@446,0.193
UniNET8St@447,0.3125
UniNET8St@448,0.0526
UniNET8St@449,0.1569
UniNET8St@450,0.1192
ibms99a@401,0.0042
ibms99a@402,0.1333
ibms99a@403,0.8571
ibms99a@404,0.1143
ibms99a@405,0.3824
ibms99a@406,0.6923
ibms99a@407,0.2344
ibms99a@408,0.117
ibms99a@409,0.25
ibms99a@410,0.4615
ibms99a@411,0.4
ibms99a@412,0.1682
ibms99a@413,0.1719
ibms99a@414,0.1842
ibms99a@415,0.2353
ibms99a@416,0.3158
ibms99a@417,0.2647
ibms99a@418,0.1316
ibms99a@419,0.5
ibms99a@420,0.4516
ibms99a@421,0.0392
ibms99a@422,0.1742
ibms99a@423,0.6667
ibms99a@424,0.1368
ibms99a@425,0.1857
ibms99a@426,0.0584
ibms99a@427,0.1702
ibms99a@428,0.1414
ibms99a@429,0.4545
ibms99a@430,1.0
ibms99a@431,0.1468
ibms99a@432,0.0556
ibms99a@433,0.1818
ibms99a@434,0.0702
ibms99a@435,0.1263
ibms99a@436,0.1022
ibms99a@437,0.0488
ibms99a@438,0.1
ibms99a@439,0.036
ibms99a@440,0.25
ibms99a@441,0.8235
ibms99a@442,0.1148
ibms99a@443,0.1585
ibms99a@444,0.8824
ibms99a@445,0.2203
ibms99a@446,0.2105
ibms99a@447,0.25
ibms99a@448,0.0526
ibms99a@449,0.2157
ibms99a@450,0.1451
ibms99b@401,0.0
ibms99b@402,0.1184
ibms99b@403,0.8095
ibms99b@404,0.0762
ibms99b@405,0.3235
ibms99b@406,0.6923
ibms99b@407,0.25
ibms99b@408,0.0745
ibms99b@409,0.25
ibms99b@410,0.4462
ibms99b@411,0.4
ibms99b@412,0.1402
ibms99b@413,0.0313
ibms99b@414,0.1842
ibms99b@415,0.225
ibms99b@416,0.3421
ibms99b@417,0.2353
ibms99b@418,0.1316
ibms99b@419,0.5
ibms99b@420,0.4516
ibms99b@421,0.0
ibms99b@422,0.1742
ibms99b@423,0.6667
ibms99b@424,0.0932
ibms99b@425,0.2
ibms99b@426,0.0584
ibms99b@427,0.1489
ibms99b@428,0.16
ibms99b@429,0.4545
ibms99b@430,1.0
ibms99b@431,0.156
ibms99b@432,0.0556
ibms99b@433,0.1818
ibms99b@434,0.0667
ibms99b@435,0.1263
ibms99b@436,0.1095
ibms99b@437,0.0244
ibms99b@438,0.0923
ibms99b@439,0.036
ibms99b@440,0.25
ibms99b@441,0.9412
ibms99b@442,0.0164
ibms99b@443,0.1125
ibms99b@444,0.7059
ibms99b@445,0.2373
ibms99b@446,0.2018
ibms99b@447,0.25
ibms99b@448,0.0263
ibms99b@449,0.1765
ibms99b@450,0.1399
CL99XT@401,0.046
CL99XT@402,0.1447
CL99XT@403,0.5238
CL99XT@404,0.1524
CL99XT@405,0.3824
CL99XT@406,0.9231
CL99XT@407,0.2813
CL99XT@408,0.2021
CL99XT@409,0.4
CL99XT@410,0.4
CL99XT@411,0.36
CL99XT@412,0.2358
CL99XT@413,0.2097
CL99XT@414,0.1842
CL99XT@415,0.175
CL99XT@416,0.4474
CL99XT@417,0.2794
CL99XT@418,0.1667
CL99XT@419,0.6875
CL99XT@420,0.5161
CL99XT@421,0.098
CL99XT@422,0.1832
CL99XT@423,0.8571
CL99XT@424,0.161
CL99XT@425,0.1871
CL99XT@426,0.1926
CL99XT@427,0.3404
CL99XT@428,0.1717
CL99XT@429,1.0
CL99XT@430,1.0
CL99XT@431,0.1743
CL99XT@432,0.0556
CL99XT@433,0.1818
CL99XT@434,0.0957
CL99XT@435,0.2128
CL99XT@436,0.1481
CL99XT@437,0.122
CL99XT@438,0.0462
CL99XT@439,0.0364
CL99XT@440,0.2308
CL99XT@441,0.8824
CL99XT@442,0.1786
CL99XT@443,0.1111
CL99XT@444,1.0
CL99XT@445,0.4576
CL99XT@446,0.1875
CL99XT@447,0.4375
CL99XT@448,0.2973
CL99XT@449,0.14
CL99XT@450,0.1354
CL99SD@401,0.0563
CL99SD@402,0.1711
CL99SD@403,0.8095
CL99SD@404,0.1346
CL99SD@405,0.4118
CL99SD@406,0.8462
CL99SD@407,0.2188
CL99SD@408,0.2021
CL99SD@409,0.35
CL99SD@410,0.4154
CL99SD@411,0.32
CL99SD@412,0.2336
CL99SD@413,0.2969
CL99SD@414,0.2632
CL99SD@415,0.175
CL99SD@416,0.4474
CL99SD@417,0.2727
CL99SD@418,0.1667
CL99SD@419,0.5333
CL99SD@420,0.5161
CL99SD@421,0.1
CL99SD@422,0.1818
CL99SD@423,0.8571
CL99SD@424,0.1624
CL99SD@425,0.1929
CL99SD@426,0.197
CL99SD@427,0.3261
CL99SD@428,0.1837
CL99SD@429,0.7273
CL99SD@430,1.0
CL99SD@431,0.1743
CL99SD@432,0.0556
CL99SD@433,0.1818
CL99SD@434,0.1028
CL99SD@435,0.2
CL99SD@436,0.1618
CL99SD@437,0.1707
CL99SD@438,0.0385
CL99SD@439,0.037
CL99SD@440,0.2115
CL99SD@441,0.5294
CL99SD@442,0.2
CL99SD@443,0.0741
CL99SD@444,1.0
CL99SD@445,0.3103
CL99SD@446,0.1802
CL99SD@447,0.4375
CL99SD@448,0.2703
CL99SD@449,0.1373
CL99SD@450,0.1451
uwmt8a1@401,0.0125
uwmt8a1@402,0.1447
uwmt8a1@403,0.9524
uwmt8a1@404,0.0667
uwmt8a1@405,0.2059
uwmt8a1@406,0.6923
uwmt8a1@407,0.2656
uwmt8a1@408,0.1064
uwmt8a1@409,0.1
uwmt8a1@410,0.4462
uwmt8a1@411,0.36
uwmt8a1@412,0.1776
uwmt8a1@413,0.1094
uwmt8a1@414,0.3684
uwmt8a1@415,0.225
uwmt8a1@416,0.3947
uwmt8a1@417,0.2059
uwmt8a1@418,0.0965
uwmt8a1@419,0.1875
uwmt8a1@420,0.3871
uwmt8a1@421,0.0196
uwmt8a1@422,0.0682
uwmt8a1@423,0.5714
uwmt8a1@424,0.1102
uwmt8a1@425,0.1714
uwmt8a1@426,0.0584
uwmt8a1@427,0.1702
uwmt8a1@428,0.13
uwmt8a1@429,0.4545
uwmt8a1@430,1.0
uwmt8a1@431,0.2569
uwmt8a1@432,0.0
uwmt8a1@433,0.0
uwmt8a1@434,0.0877
uwmt8a1@435,0.1158
uwmt8a1@436,0.0803
uwmt8a1@437,0.025
uwmt8a1@438,0.1385
uwmt8a1@439,0.036
uwmt8a1@440,0.2308
uwmt8a1@441,0.7647
uwmt8a1@442,0.0164
uwmt8a1@443,0.1341
uwmt8a1@444,0.8235
uwmt8a1@445,0.2203
uwmt8a1@446,0.2105
uwmt8a1@447,0.3125
uwmt8a1@448,0.0263
uwmt8a1@449,0.1765
uwmt8a1@450,0.1451
uwmt8a2@401,0.0043
uwmt8a2@402,0.12
uwmt8a2@403,0.9048
uwmt8a2@404,0.1058
uwmt8a2@405,0.4118
uwmt8a2@406,0.5385
uwmt8a2@407,0.25
uwmt8a2@408,0.117
uwmt8a2@409,0.25
uwmt8a2@410,0.4462
uwmt8a2@411,0.36
uwmt8a2@412,0.0
uwmt8a2@413,0.0781
uwmt8a2@414,0.2895
uwmt8a2@415,0.2
uwmt8a2@416,0.3947
uwmt8a2@417,0.2647
uwmt8a2@418,0.1239
uwmt8a2@419,0.25
uwmt8a2@420,0.3871
uwmt8a2@421,0.0588
uwmt8a2@422,0.0682
uwmt8a2@423,0.5714
uwmt8a2@424,0.1186
uwmt8a2@425,0.1714
uwmt8a2@426,0.0146
uwmt8a2@427,0.1702
uwmt8a2@428,0.1
uwmt8a2@429,0.3636
uwmt8a2@430,1.0
uwmt8a2@431,0.2477
uwmt8a2@432,0.1111
uwmt8a2@433,0.0
uwmt8a2@434,0.0877
uwmt8a2@435,0.1053
uwmt8a2@436,0.073
uwmt8a2@437,0.0488
uwmt8a2@438,0.1615
uwmt8a2@439,0.036
uwmt8a2@440,0.1731
uwmt8a2@441,0.6471
uwmt8a2@442,0.0164
uwmt8a2@443,0.1111
uwmt8a2@444,0.7647
uwmt8a2@445,0.2203
uwmt8a2@446,0.0619
uwmt8a2@447,0.375
uwmt8a2@448,0.0526
uwmt8a2@449,0.1765
uwmt8a2@450,0.1451
att99atdc@401,0.0
att99atdc@402,0.2105
att99atdc@403,0.8571
att99atdc@404,0.1238
att99atdc@405,0.2941
att99atdc@406,0.6923
att99atdc@407,0.3281
att99atdc@408,0.117
att99atdc@409,0.3
att99atdc@410,0.4462
att99atdc@411,0.4
att99atdc@412,0.2336
att99atdc@413,0.2656
att99atdc@414,0.2368
att99atdc@415,0.2417
att99atdc@416,0.3158
att99atdc@417,0.0
att99atdc@418,0.1404
att99atdc@419,0.1875
att99atdc@420,0.4194
att99atdc@421,0.098
att99atdc@422,0.1515
att99atdc@423,0.619
att99atdc@424,0.1525
att99atdc@425,0.2
att99atdc@426,0.0511
att99atdc@427,0.1915
att99atdc@428,0.08
att99atdc@429,0.7273
att99atdc@430,1.0
att99atdc@431,0.211
att99atdc@432,0.1667
att99atdc@433,0.1818
att99atdc@434,0.0702
att99atdc@435,0.1263
att99atdc@436,0.146
att99atdc@437,0.0488
att99atdc@438,0.1385
att99atdc@439,0.027
att99atdc@440,0.3269
att99atdc@441,0.7059
att99atdc@442,0.082
att99atdc@443,0.0732
att99atdc@444,0.8824
att99atdc@445,0.2712
att99atdc@446,0.1947
att99atdc@447,0.25
att99atdc@448,0.1053
att99atdc@449,0.1569
att99atdc@450,0.1503
att99atde@401,0.0125
att99atde@402,0.2105
att99atde@403,0.8571
att99atde@404,0.1143
att99atde@405,0.3529
att99atde@406,0.6923
att99atde@407,0.3594
att99atde@408,0.0957
att99atde@409,0.35
att99atde@410,0.4462
att99atde@411,0.44
att99atde@412,0.2547
att99atde@413,0.3125
att99atde@414,0.2895
att99atde@415,0.2417
att99atde@416,0.3158
att99atde@417,0.0
att99atde@418,0.1491
att99atde@419,0.1875
att99atde@420,0.4194
att99atde@421,0.1176
att99atde@422,0.0909
att99atde@423,0.619
att99atde@424,0.1695
att99atde@425,0.1929
att99atde@426,0.0365
att99atde@427,0.2128
att99atde@428,0.1
att99atde@429,0.8182
att99atde@430,1.0
att99atde@431,0.1927
att99atde@432,0.1111
att99atde@433,0.2727
att99atde@434,0.0777
att99atde@435,0.1474
att99atde@436,0.1679
att99atde@437,0.0732
att99atde@438,0.1308
att99atde@439,0.0273
att99atde@440,0.3269
att99atde@441,0.7059
att99atde@442,0.0656
att99atde@443,0.0732
att99atde@444,0.7647
att99atde@445,0.2373
att99atde@446,0.193
att99atde@447,0.3125
att99atde@448,0.0263
att99atde@449,0.1569
att99atde@450,0.1503
ric8dpx@401,0.0
ric8dpx@402,0.1842
ric8dpx@403,0.6667
ric8dpx@404,0.1143
ric8dpx@405,0.2941
ric8dpx@406,0.6923
ric8dpx@407,0.25
ric8dpx@408,0.0957
ric8dpx@409,0.15
ric8dpx@410,0.4308
ric8dpx@411,0.28
ric8dpx@412,0.2243
ric8dpx@413,0.0794
ric8dpx@414,0.1842
ric8dpx@415,0.2479
ric8dpx@416,0.2895
ric8dpx@417,0.2121
ric8dpx@418,0.1491
ric8dpx@419,0.4375
ric8dpx@420,0.3548
ric8dpx@421,0.098
ric8dpx@422,0.053
ric8dpx@423,0.6667
ric8dpx@424,0.1017
ric8dpx@425,0.1214
ric8dpx@426,0.0662
ric8dpx@427,0.1489
ric8dpx@428,0.08
ric8dpx@429,0.4545
ric8dpx@430,1.0
ric8dpx@431,0.1651
ric8dpx@432,0.1111
ric8dpx@433,0.3636
ric8dpx@434,0.0667
ric8dpx@435,0.1183
ric8dpx@436,0.0876
ric8dpx@437,0.0
ric8dpx@438,0.1
ric8dpx@439,0.0182
ric8dpx@440,0.2692
ric8dpx@441,0.8235
ric8dpx@442,0.0
ric8dpx@443,0.1
ric8dpx@444,0.6471
ric8dpx@445,0.2034
ric8dpx@446,0.0
ric8dpx@447,0.75
ric8dpx@448,0.0263
ric8dpx@449,0.12
ric8dpx@450,0.1451
ric8tpx@401,0.0
ric8tpx@402,0.16
ric8tpx@403,0.8095
ric8tpx@404,0.1048
ric8tpx@405,0.2941
ric8tpx@406,0.6923
ric8tpx@407,0.3125
ric8tpx@408,0.0978
ric8tpx@409,0.1
ric8tpx@410,0.4308
ric8tpx@411,0.32
ric8tpx@412,0.1869
ric8tpx@413,0.0313
ric8tpx@414,0.1842
ric8tpx@415,0.2458
ric8tpx@416,0.2895
ric8tpx@417,0.1912
ric8tpx@418,0.1667
ric8tpx@419,0.375
ric8tpx@420,0.3548
ric8tpx@421,0.1176
ric8tpx@422,0.0152
ric8tpx@423,0.6667
ric8tpx@424,0.0847
ric8tpx@425,0.1429
ric8tpx@426,0.1095
ric8tpx@427,0.1489
ric8tpx@428,0.17
ric8tpx@429,0.4545
ric8tpx@430,0.8333
ric8tpx@431,0.1651
ric8tpx@432,0.0
ric8tpx@433,0.2727
ric8tpx@434,0.0702
ric8tpx@435,0.1158
ric8tpx@436,0.0876
ric8tpx@437,0.0244
ric8tpx@438,0.1085
ric8tpx@439,0.027
ric8tpx@440,0.25
ric8tpx@441,0.7647
ric8tpx@442,0.0328
ric8tpx@443,0.1098
ric8tpx@444,0.7059
ric8tpx@445,0.1864
ric8tpx@446,0.2018
ric8tpx@447,0.25
ric8tpx@448,0.0789
ric8tpx@449,0.098
ric8tpx@450,0.1399
ibmg99a@401,0.0084
ibmg99a@402,0.1053
ibmg99a@403,0.9048
ibmg99a@404,0.0762
ibmg99a@405,0.1471
ibmg99a@406,0.6154
ibmg99a@407,0.1719
ibmg99a@408,0.1277
ibmg99a@409,0.0
ibmg99a@410,0.4308
ibmg99a@411,0.28
ibmg99a@412,0.1402
ibmg99a@413,0.2031
ibmg99a@414,0.1842
ibmg99a@415,0.2167
ibmg99a@416,0.3684
ibmg99a@417,0.1912
ibmg99a@418,0.1053
ibmg99a@419,0.4375
ibmg99a@420,0.4516
ibmg99a@421,0.0588
ibmg99a@422,0.0534
ibmg99a@423,0.381
ibmg99a@424,0.1695
ibmg99a@425,0.1857
ibmg99a@426,0.0365
ibmg99a@427,0.234
ibmg99a@428,0.1212
ibmg99a@429,0.8182
ibmg99a@430,1.0
ibmg99a@431,0.055
ibmg99a@432,0.0556
ibmg99a@433,0.3636
ibmg99a@434,0.0636
ibmg99a@435,0.0947
ibmg99a@436,0.0146
ibmg99a@437,0.0
ibmg99a@438,0.093
ibmg99a@439,0.0
ibmg99a@440,0.2885
ibmg99a@441,0.7647
ibmg99a@442,0.0492
ibmg99a@443,0.061
ibmg99a@444,0.5882
ibmg99a@445,0.2373
ibmg99a@446,0.0789
ibmg99a@447,0.375
ibmg99a@448,0.0789
ibmg99a@449,0.1176
ibmg99a@450,0.1458
ibmg99b@401,0.0167
ibmg99b@402,0.1579
ibmg99b@403,0.9048
ibmg99b@404,0.0874
ibmg99b@405,0.3235
ibmg99b@406,0.6923
ibmg99b@407,0.2188
ibmg99b@408,0.117
ibmg99b@409,0.25
ibmg99b@410,0.3846
ibmg99b@411,0.4
ibmg99b@412,0.1963
ibmg99b@413,0.0781
ibmg99b@414,0.2368
ibmg99b@415,0.1681
ibmg99b@416,0.3158
ibmg99b@417,0.1471
ibmg99b@418,0.1228
ibmg99b@419,0.5625
ibmg99b@420,0.4516
ibmg99b@421,0.0784
ibmg99b@422,0.0985
ibmg99b@423,0.7143
ibmg99b@424,0.1695
ibmg99b@425,0.1786
ibmg99b@426,0.0365
ibmg99b@427,0.1702
ibmg99b@428,0.12
ibmg99b@429,0.8182
ibmg99b@430,1.0
ibmg99b@431,0.0826
ibmg99b@432,0.0
ibmg99b@433,0.3636
ibmg99b@434,0.086
ibmg99b@435,0.0421
ibmg99b@436,0.0949
ibmg99b@437,0.0244
ibmg99b@438,0.0853
ibmg99b@439,0.018
ibmg99b@440,0.1923
ibmg99b@441,0.7647
ibmg99b@442,0.0492
ibmg99b@443,0.0864
ibmg99b@444,0.8824
ibmg99b@445,0.1864
ibmg99b@446,0.0965
ibmg99b@447,0.4375
ibmg99b@448,0.027
ibmg99b@449,0.1224
ibmg99b@450,0.1244
pir9Attd@401,0.0125
pir9Attd@402,0.0921
pir9Attd@403,0.8571
pir9Attd@404,0.0857
pir9Attd@405,0.3824
pir9Attd@406,0.6154
pir9Attd@407,0.2656
pir9Attd@408,0.0957
pir9Attd@409,0.2
pir9Attd@410,0.4462
pir9Attd@411,0.4
pir9Attd@412,0.2056
pir9Attd@413,0.1406
pir9Attd@414,0.1842
pir9Attd@415,0.225
pir9Attd@416,0.3158
pir9Attd@417,0.1324
pir9Attd@418,0.1316
pir9Attd@419,0.0625
pir9Attd@420,0.5484
pir9Attd@421,0.1569
pir9Attd@422,0.1742
pir9Attd@423,0.7143
pir9Attd@424,0.0932
pir9Attd@425,0.1429
pir9Attd@426,0.1544
pir9Attd@427,0.2128
pir9Attd@428,0.05
pir9Attd@429,0.4545
pir9Attd@430,1.0
pir9Attd@431,0.1927
pir9Attd@432,0.0556
pir9Attd@433,0.0
pir9Attd@434,0.0772
pir9Attd@435,0.1368
pir9Attd@436,0.1752
pir9Attd@437,0.0
pir9Attd@438,0.0769
pir9Attd@439,0.027
pir9Attd@440,0.1731
pir9Attd@441,0.8824
pir9Attd@442,0.0492
pir9Attd@443,0.0976
pir9Attd@444,0.8235
pir9Attd@445,0.2542
pir9Attd@446,0.2281
pir9Attd@447,1.0
pir9Attd@448,0.1053
pir9Attd@449,0.1569
pir9Attd@450,0.1192
pir9Aatd@401,0.0
pir9Aatd@402,0.1974
pir9Aatd@403,0.8571
pir9Aatd@404,0.1048
pir9Aatd@405,0.3529
pir9Aatd@406,0.6154
pir9Aatd@407,0.25
pir9Aatd@408,0.117
pir9Aatd@409,0.15
pir9Aatd@410,0.4462
pir9Aatd@411,0.44
pir9Aatd@412,0.215
pir9Aatd@413,0.1719
pir9Aatd@414,0.1842
pir9Aatd@415,0.225
pir9Aatd@416,0.3421
pir9Aatd@417,0.1618
pir9Aatd@418,0.1316
pir9Aatd@419,0.1875
pir9Aatd@420,0.5484
pir9Aatd@421,0.1373
pir9Aatd@422,0.1591
pir9Aatd@423,0.7143
pir9Aatd@424,0.1186
pir9Aatd@425,0.1214
pir9Aatd@426,0.1618
pir9Aatd@427,0.2766
pir9Aatd@428,0.07
pir9Aatd@429,0.5455
pir9Aatd@430,1.0
pir9Aatd@431,0.1743
pir9Aatd@432,0.0
pir9Aatd@433,0.2727
pir9Aatd@434,0.0877
pir9Aatd@435,0.1263
pir9Aatd@436,0.1387
pir9Aatd@437,0.0
pir9Aatd@438,0.0615
pir9Aatd@439,0.036
pir9Aatd@440,0.1923
pir9Aatd@441,0.9412
pir9Aatd@442,0.0492
pir9Aatd@443,0.0854
pir9Aatd@444,0.8824
pir9Aatd@445,0.2034
pir9Aatd@446,0.2105
pir9Aatd@447,1.0
pir9Aatd@448,0.1316
pir9Aatd@449,0.1569
pir9Aatd@450,0.1192
Sab8A1@401,0.0208
Sab8A1@402,0.1447
Sab8A1@403,0.9524
Sab8A1@404,0.0571
Sab8A1@405,0.2059
Sab8A1@406,0.6154
Sab8A1@407,0.3438
Sab8A1@408,0.1277
Sab8A1@409,0.1
Sab8A1@410,0.4462
Sab8A1@411,0.28
Sab8A1@412,0.215
Sab8A1@413,0.0
Sab8A1@414,0.1579
Sab8A1@415,0.175
Sab8A1@416,0.3421
Sab8A1@417,0.0882
Sab8A1@418,0.114
Sab8A1@419,0.0625
Sab8A1@420,0.4516
Sab8A1@421,0.0784
Sab8A1@422,0.1439
Sab8A1@423,0.5238
Sab8A1@424,0.0593
Sab8A1@425,0.1571
Sab8A1@426,0.0511
Sab8A1@427,0.1915
Sab8A1@428,0.17
Sab8A1@429,0.9091
Sab8A1@430,0.8333
Sab8A1@431,0.2018
Sab8A1@432,0.0
Sab8A1@433,0.2727
Sab8A1@434,0.0737
Sab8A1@435,0.1579
Sab8A1@436,0.0657
Sab8A1@437,0.075
Sab8A1@438,0.1462
Sab8A1@439,0.027
Sab8A1@440,0.3077
Sab8A1@441,0.7059
Sab8A1@442,0.0328
Sab8A1@443,0.1585
Sab8A1@444,0.5882
Sab8A1@445,0.2373
Sab8A1@446,0.1491
Sab8A1@447,0.0
Sab8A1@448,0.0263
Sab8A1@449,0.2
Sab8A1@450,0.1347
Sab8A2@401,0.0042
Sab8A2@402,0.1711
Sab8A2@403,0.8571
Sab8A2@404,0.0857
Sab8A2@405,0.2941
Sab8A2@406,0.5385
Sab8A2@407,0.3438
Sab8A2@408,0.0957
Sab8A2@409,0.25
Sab8A2@410,0.4
Sab8A2@411,0.24
Sab8A2@412,0.1869
Sab8A2@413,0.0469
Sab8A2@414,0.2105
Sab8A2@415,0.2167
Sab8A2@416,0.3421
Sab8A2@417,0.0
Sab8A2@418,0.1053
Sab8A2@419,0.1875
Sab8A2@420,0.4516
Sab8A2@421,0.098
Sab8A2@422,0.1515
Sab8A2@423,0.4762
Sab8A2@424,0.0855
Sab8A2@425,0.1714
Sab8A2@426,0.0146
Sab8A2@427,0.1915
Sab8A2@428,0.12
Sab8A2@429,0.6364
Sab8A2@430,0.8333
Sab8A2@431,0.2018
Sab8A2@432,0.1111
Sab8A2@433,0.1818
Sab8A2@434,0.0842
Sab8A2@435,0.1368
Sab8A2@436,0.0584
Sab8A2@437,0.0732
Sab8A2@438,0.1154
Sab8A2@439,0.027
Sab8A2@440,0.2308
Sab8A2@441,0.6471
Sab8A2@442,0.0164
Sab8A2@443,0.0875
Sab8A2@444,0.2941
Sab8A2@445,0.2203
Sab8A2@446,0.0175
Sab8A2@447,0.0625
Sab8A2@448,0.1053
Sab8A2@449,0.16
Sab8A2@450,0.1347
nttd8ale@401,0.0
nttd8ale@402,0.1974
nttd8ale@403,0.8095
nttd8ale@404,0.0857
nttd8ale@405,0.4118
nttd8ale@406,0.5385
nttd8ale@407,0.3281
nttd8ale@408,0.1383
nttd8ale@409,0.35
nttd8ale@410,0.4308
nttd8ale@411,0.48
nttd8ale@412,0.1589
nttd8ale@413,0.1719
nttd8ale@414,0.1579
nttd8ale@415,0.2417
nttd8ale@416,0.3947
nttd8ale@417,0.2206
nttd8ale@418,0.0965
nttd8ale@419,0.3125
nttd8ale@420,0.2903
nttd8ale@421,0.0588
nttd8ale@422,0.1742
nttd8ale@423,0.7143
nttd8ale@424,0.1356
nttd8ale@425,0.1214
nttd8ale@426,0.1022
nttd8ale@427,0.2128
nttd8ale@428,0.11
nttd8ale@429,0.7273
nttd8ale@430,1.0
nttd8ale@431,0.1927
nttd8ale@432,0.0
nttd8ale@433,0.0909
nttd8ale@434,0.0667
nttd8ale@435,0.1053
nttd8ale@436,0.073
nttd8ale@437,0.0488
nttd8ale@438,0.0846
nttd8ale@439,0.0367
nttd8ale@440,0.1923
nttd8ale@441,0.7059
nttd8ale@442,0.0328
nttd8ale@443,0.0854
nttd8ale@444,0.6471
nttd8ale@445,0.0847
nttd8ale@446,0.177
nttd8ale@447,0.625
nttd8ale@448,0.1053
nttd8ale@449,0.1765
nttd8ale@450,0.1295
nttd8alx@401,0.0083
nttd8alx@402,0.2105
nttd8alx@403,0.8095
nttd8alx@404,0.1143
nttd8alx@405,0.4118
nttd8alx@406,0.4615
nttd8alx@407,0.2969
nttd8alx@408,0.1383
nttd8alx@409,0.4
nttd8alx@410,0.4308
nttd8alx@411,0.48
nttd8alx@412,0.1495
nttd8alx@413,0.1563
nttd8alx@414,0.2632
nttd8alx@415,0.2167
nttd8alx@416,0.4211
nttd8alx@417,0.1912
nttd8alx@418,0.0965
nttd8alx@419,0.375
nttd8alx@420,0.4194
nttd8alx@421,0.0392
nttd8alx@422,0.0758
nttd8alx@423,0.7143
nttd8alx@424,0.1356
nttd8alx@425,0.1857
nttd8alx@426,0.0949
nttd8alx@427,0.2128
nttd8alx@428,0.11
nttd8alx@429,0.7273
nttd8alx@430,1.0
nttd8alx@431,0.2018
nttd8alx@432,0.0
nttd8alx@433,0.0909
nttd8alx@434,0.0742
nttd8alx@435,0.0842
nttd8alx@436,0.0657
nttd8alx@437,0.0976
nttd8alx@438,0.0846
nttd8alx@439,0.0364
nttd8alx@440,0.1923
nttd8alx@441,0.7059
nttd8alx@442,0.0328
nttd8alx@443,0.0854
nttd8alx@444,0.6471
nttd8alx@445,0.1356
nttd8alx@446,0.1053
nttd8alx@447,0.75
nttd8alx@448,0.1053
nttd8alx@449,0.16
nttd8alx@450,0.1295
apl8c221@401,0.0833
apl8c221@402,0.25
apl8c221@403,0.9048
apl8c221@404,0.0762
apl8c221@405,0.2941
apl8c221@406,0.6923
apl8c221@407,0.2344
apl8c221@408,0.1064
apl8c221@409,0.25
apl8c221@410,0.4462
apl8c221@411,0.56
apl8c221@412,0.028
apl8c221@413,0.2656
apl8c221@414,0.1053
apl8c221@415,0.225
apl8c221@416,0.3684
apl8c221@417,0.209
apl8c221@418,0.115
apl8c221@419,0.25
apl8c221@420,0.4194
apl8c221@421,0.0
apl8c221@422,0.0916
apl8c221@423,0.7143
apl8c221@424,0.1186
apl8c221@425,0.1241
apl8c221@426,0.0438
apl8c221@427,0.2128
apl8c221@428,0.16
apl8c221@429,0.4545
apl8c221@430,1.0
apl8c221@431,0.1927
apl8c221@432,0.0
apl8c221@433,0.1818
apl8c221@434,0.0421
apl8c221@435,0.1684
apl8c221@436,0.0438
apl8c221@437,0.0
apl8c221@438,0.0538
apl8c221@439,0.009
apl8c221@440,0.2308
apl8c221@441,0.7059
apl8c221@442,0.0667
apl8c221@443,0.0244
apl8c221@444,0.9412
apl8c221@445,0.2034
apl8c221@446,0.1404
apl8c221@447,0.75
apl8c221@448,0.0789
apl8c221@449,0.1961
apl8c221@450,0.1295
apl8n@401,0.0792
apl8n@402,0.2632
apl8n@403,0.9048
apl8n@404,0.0476
apl8n@405,0.3235
apl8n@406,0.6923
apl8n@407,0.125
apl8n@408,0.1596
apl8n@409,0.2
apl8n@410,0.4308
apl8n@411,0.52
apl8n@412,0.1776
apl8n@413,0.2813
apl8n@414,0.0526
apl8n@415,0.1917
apl8n@416,0.3947
apl8n@417,0.2647
apl8n@418,0.1316
apl8n@419,0.125
apl8n@420,0.3871
apl8n@421,0.0196
apl8n@422,0.0833
apl8n@423,0.6667
apl8n@424,0.1197
apl8n@425,0.1007
apl8n@426,0.0146
apl8n@427,0.2766
apl8n@428,0.12
apl8n@429,0.3636
apl8n@430,1.0
apl8n@431,0.1835
apl8n@432,0.0
apl8n@433,0.0909
apl8n@434,0.0491
apl8n@435,0.1895
apl8n@436,0.0365
apl8n@437,0.0
apl8n@438,0.0769
apl8n@439,0.009
apl8n@440,0.1731
apl8n@441,0.6471
apl8n@442,0.0656
apl8n@443,0.0122
apl8n@444,0.9412
apl8n@445,0.1864
apl8n@446,0.1667
apl8n@447,0.6875
apl8n@448,0.0263
apl8n@449,0.1961
apl8n@450,0.1244
umd99a1@401,0.0292
umd99a1@402,0.1053
umd99a1@403,0.8571
umd99a1@404,0.0952
umd99a1@405,0.2059
umd99a1@406,0.5385
umd99a1@407,0.2344
umd99a1@408,0.1064
umd99a1@409,0.3
umd99a1@410,0.4462
umd99a1@411,0.2
umd99a1@412,0.0561
umd99a1@413,0.0781
umd99a1@414,0.2895
umd99a1@415,0.2083
umd99a1@416,0.3158
umd99a1@417,0.0882
umd99a1@418,0.0877
umd99a1@419,0.125
umd99a1@420,0.3548
umd99a1@421,0.098
umd99a1@422,0.197
umd99a1@423,0.5714
umd99a1@424,0.1525
umd99a1@425,0.1429
umd99a1@426,0.0219
umd99a1@427,0.1915
umd99a1@428,0.08
umd99a1@429,0.7273
umd99a1@430,1.0
umd99a1@431,0.0917
umd99a1@432,0.0
umd99a1@433,0.1818
umd99a1@434,0.0842
umd99a1@435,0.0842
umd99a1@436,0.0876
umd99a1@437,0.0488
umd99a1@438,0.0923
umd99a1@439,0.027
umd99a1@440,0.0962
umd99a1@441,0.5294
umd99a1@442,0.0
umd99a1@443,0.122
umd99a1@444,0.4706
umd99a1@445,0.1695
umd99a1@446,0.1404
umd99a1@447,0.1875
umd99a1@448,0.0263
umd99a1@449,0.1373
umd99a1@450,0.1244
GE8ATDN1@401,0.0875
GE8ATDN1@402,0.2105
GE8ATDN1@403,0.8571
GE8ATDN1@404,0.1048
GE8ATDN1@405,0.4412
GE8ATDN1@406,0.2308
GE8ATDN1@407,0.25
GE8ATDN1@408,0.117
GE8ATDN1@409,0.3
GE8ATDN1@410,0.4154
GE8ATDN1@411,0.32
GE8ATDN1@412,0.215
GE8ATDN1@413,0.3281
GE8ATDN1@414,0.1579
GE8ATDN1@415,0.2417
GE8ATDN1@416,0.3421
GE8ATDN1@417,0.0882
GE8ATDN1@418,0.114
GE8ATDN1@419,0.1875
GE8ATDN1@420,0.3548
GE8ATDN1@421,0.1176
GE8ATDN1@422,0.1212
GE8ATDN1@423,0.4286
GE8ATDN1@424,0.1441
GE8ATDN1@425,0.1429
GE8ATDN1@426,0.1168
GE8ATDN1@427,0.1489
GE8ATDN1@428,0.09
GE8ATDN1@429,0.7273
GE8ATDN1@430,1.0
GE8ATDN1@431,0.1927
GE8ATDN1@432,0.0
GE8ATDN1@433,0.0909
GE8ATDN1@434,0.0561
GE8ATDN1@435,0.1368
GE8ATDN1@436,0.0584
GE8ATDN1@437,0.0
GE8ATDN1@438,0.0923
GE8ATDN1@439,0.1081
GE8ATDN1@440,0.1923
GE8ATDN1@441,0.5882
GE8ATDN1@442,0.0
GE8ATDN1@443,0.1098
GE8ATDN1@444,0.3529
GE8ATDN1@445,0.1864
GE8ATDN1@446,0.193
GE8ATDN1@447,0.0
GE8ATDN1@448,0.2632
GE8ATDN1@449,0.1569
GE8ATDN1@450,0.1295
acsys8alo@401,0.084
acsys8alo@402,0.2368
acsys8alo@403,0.9048
acsys8alo@404,0.0952
acsys8alo@405,0.3529
acsys8alo@406,0.6923
acsys8alo@407,0.2031
acsys8alo@408,0.0957
acsys8alo@409,0.25
acsys8alo@410,0.4462
acsys8alo@411,0.44
acsys8alo@412,0.243
acsys8alo@413,0.2063
acsys8alo@414,0.1316
acsys8alo@415,0.2333
acsys8alo@416,0.2703
acsys8alo@417,0.2647
acsys8alo@418,0.114
acsys8alo@419,0.4375
acsys8alo@420,0.3226
acsys8alo@421,0.0
acsys8alo@422,0.1818
acsys8alo@423,0.5714
acsys8alo@424,0.1579
acsys8alo@425,0.1765
acsys8alo@426,0.1095
acsys8alo@427,0.1489
acsys8alo@428,0.12
acsys8alo@429,0.7273
acsys8alo@430,1.0
acsys8alo@431,0.1852
acsys8alo@432,0.0556
acsys8alo@433,0.0909
acsys8alo@434,0.0842
acsys8alo@435,0.0947
acsys8alo@436,0.0511
acsys8alo@437,0.0
acsys8alo@438,0.062
acsys8alo@439,0.0367
acsys8alo@440,0.1923
acsys8alo@441,0.6471
acsys8alo@442,0.05
acsys8alo@443,0.0
acsys8alo@444,0.5882
acsys8alo@445,0.1552
acsys8alo@446,0.1858
acsys8alo@447,0.75
acsys8alo@448,0.0526
acsys8alo@449,0.1569
acsys8alo@450,0.1451
acsys8amn@401,0.0084
acsys8amn@402,0.0263
acsys8amn@403,0.9524
acsys8amn@404,0.0857
acsys8amn@405,0.0588
acsys8amn@406,0.6154
acsys8amn@407,0.25
acsys8amn@408,0.1383
acsys8amn@409,0.3
acsys8amn@410,0.4063
acsys8amn@411,0.24
acsys8amn@412,0.0374
acsys8amn@413,0.2656
acsys8amn@414,0.1842
acsys8amn@415,0.2083
acsys8amn@416,0.3421
acsys8amn@417,0.2941
acsys8amn@418,0.0965
acsys8amn@419,0.1875
acsys8amn@420,0.3871
acsys8amn@421,0.1373
acsys8amn@422,0.1591
acsys8amn@423,0.6667
acsys8amn@424,0.0424
acsys8amn@425,0.1429
acsys8amn@426,0.0949
acsys8amn@427,0.2553
acsys8amn@428,0.1
acsys8amn@429,0.5455
acsys8amn@430,0.6667
acsys8amn@431,0.156
acsys8amn@432,0.1111
acsys8amn@433,0.0909
acsys8amn@434,0.0772
acsys8amn@435,0.0211
acsys8amn@436,0.0073
acsys8amn@437,0.0244
acsys8amn@438,0.1077
acsys8amn@439,0.009
acsys8amn@440,0.0962
acsys8amn@441,0.8235
acsys8amn@442,0.0
acsys8amn@443,0.0854
acsys8amn@444,0.5882
acsys8amn@445,0.2203
acsys8amn@446,0.2193
acsys8amn@447,0.3125
acsys8amn@448,0.0526
acsys8amn@449,0.1765
acsys8amn@450,0.1503
INQ603@401,0.0083
INQ603@402,0.1579
INQ603@403,0.9048
INQ603@404,0.0952
INQ603@405,0.2647
INQ603@406,0.5385
INQ603@407,0.25
INQ603@408,0.117
INQ603@409,0.25
INQ603@410,0.4462
INQ603@411,0.32
INQ603@412,0.1308
INQ603@413,0.125
INQ603@414,0.2105
INQ603@415,0.2333
INQ603@416,0.3158
INQ603@417,0.0294
INQ603@418,0.1053
INQ603@419,0.1875
INQ603@420,0.3871
INQ603@421,0.08
INQ603@422,0.197
INQ603@423,0.5238
INQ603@424,0.178
INQ603@425,0.1643
INQ603@426,0.0219
INQ603@427,0.1915
INQ603@428,0.16
INQ603@429,0.7273
INQ603@430,1.0
INQ603@431,0.1101
INQ603@432,0.1111
INQ603@433,0.0909
INQ603@434,0.0667
INQ603@435,0.1579
INQ603@436,0.1022
INQ603@437,0.0
INQ603@438,0.0846
INQ603@439,0.027
INQ603@440,0.2308
INQ603@441,0.7059
INQ603@442,0.0164
INQ603@443,0.1585
INQ603@444,0.5882
INQ603@445,0.2034
INQ603@446,0.1579
INQ603@447,0.3125
INQ603@448,0.0789
INQ603@449,0.1569
INQ603@450,0.1036
INQ604@401,0.0042
INQ604@402,0.2237
INQ604@403,0.9048
INQ604@404,0.0857
INQ604@405,0.2647
INQ604@406,0.5385
INQ604@407,0.25
INQ604@408,0.1277
INQ604@409,0.3
INQ604@410,0.4462
INQ604@411,0.32
INQ604@412,0.1963
INQ604@413,0.1406
INQ604@414,0.1579
INQ604@415,0.2083
INQ604@416,0.3684
INQ604@417,0.1176
INQ604@418,0.1053
INQ604@419,0.25
INQ604@420,0.4194
INQ604@421,0.0588
INQ604@422,0.2121
INQ604@423,0.5238
INQ604@424,0.1695
INQ604@425,0.1571
INQ604@426,0.0876
INQ604@427,0.1915
INQ604@428,0.2
INQ604@429,0.7273
INQ604@430,1.0
INQ604@431,0.1101
INQ604@432,0.1111
INQ604@433,0.0909
INQ604@434,0.0772
INQ604@435,0.1579
INQ604@436,0.1095
INQ604@437,0.0
INQ604@438,0.1077
INQ604@439,0.036
INQ604@440,0.2308
INQ604@441,0.7059
INQ604@442,0.0164
INQ604@443,0.1829
INQ604@444,0.5882
INQ604@445,0.1864
INQ604@446,0.114
INQ604@447,0.4375
INQ604@448,0.1316
INQ604@449,0.1373
INQ604@450,0.1302
ok8amxc@401,0.0042
ok8amxc@402,0.2237
ok8amxc@403,0.8095
ok8amxc@404,0.1238
ok8amxc@405,0.2647
ok8amxc@406,0.5385
ok8amxc@407,0.2813
ok8amxc@408,0.1383
ok8amxc@409,0.2
ok8amxc@410,0.4462
ok8amxc@411,0.48
ok8amxc@412,0.1589
ok8amxc@413,0.2656
ok8amxc@414,0.1842
ok8amxc@415,0.2417
ok8amxc@416,0.3947
ok8amxc@417,0.1667
ok8amxc@418,0.193
ok8amxc@419,0.375
ok8amxc@420,0.4516
ok8amxc@421,0.098
ok8amxc@422,0.1603
ok8amxc@423,0.619
ok8amxc@424,0.1525
ok8amxc@425,0.2
ok8amxc@426,0.0584
ok8amxc@427,0.2553
ok8amxc@428,0.13
ok8amxc@429,0.6364
ok8amxc@430,1.0
ok8amxc@431,0.2202
ok8amxc@432,0.1667
ok8amxc@433,0.1818
ok8amxc@434,0.0912
ok8amxc@435,0.1158
ok8amxc@436,0.0515
ok8amxc@437,0.0244
ok8amxc@438,0.1154
ok8amxc@439,0.027
ok8amxc@440,0.2308
ok8amxc@441,0.7059
ok8amxc@442,0.05
ok8amxc@443,0.122
ok8amxc@444,0.7647
ok8amxc@445,0.1864
ok8amxc@446,0.2018
ok8amxc@447,0.875
ok8amxc@448,0.2105
ok8amxc@449,0.1373
ok8amxc@450,0.1244
ok8alx@401,0.0083
ok8alx@402,0.2763
ok8alx@403,0.8571
ok8alx@404,0.1333
ok8alx@405,0.1765
ok8alx@406,0.5385
ok8alx@407,0.2813
ok8alx@408,0.1596
ok8alx@409,0.25
ok8alx@410,0.4308
ok8alx@411,0.48
ok8alx@412,0.2523
ok8alx@413,0.3438
ok8alx@414,0.2105
ok8alx@415,0.2417
ok8alx@416,0.3158
ok8alx@417,0.2941
ok8alx@418,0.114
ok8alx@419,0.375
ok8alx@420,0.4839
ok8alx@421,0.0392
ok8alx@422,0.2121
ok8alx@423,0.619
ok8alx@424,0.1624
ok8alx@425,0.1929
ok8alx@426,0.0876
ok8alx@427,0.2553
ok8alx@428,0.17
ok8alx@429,0.6364
ok8alx@430,1.0
ok8alx@431,0.2018
ok8alx@432,0.0588
ok8alx@433,0.2727
ok8alx@434,0.0877
ok8alx@435,0.1263
ok8alx@436,0.0511
ok8alx@437,0.0488
ok8alx@438,0.1
ok8alx@439,0.027
ok8alx@440,0.25
ok8alx@441,0.7647
ok8alx@442,0.0492
ok8alx@443,0.122
ok8alx@444,0.6471
ok8alx@445,0.1356
ok8alx@446,0.2018
ok8alx@447,1.0
ok8alx@448,0.1842
ok8alx@449,0.1961
ok8alx@450,0.1146
weaver1@401,0.0
weaver1@402,0.0667
weaver1@403,0.6667
weaver1@404,0.0952
weaver1@405,0.3235
weaver1@406,0.5385
weaver1@407,0.125
weaver1@408,0.1596
weaver1@409,0.3
weaver1@410,0.4154
weaver1@411,0.28
weaver1@412,0.0
weaver1@413,0.3594
weaver1@414,0.2895
weaver1@415,0.1933
weaver1@416,0.4211
weaver1@417,0.0
weaver1@418,0.0885
weaver1@419,0.25
weaver1@420,0.2258
weaver1@421,0.0196
weaver1@422,0.0152
weaver1@423,0.8095
weaver1@424,0.0424
weaver1@425,0.0647
weaver1@426,0.0
weaver1@427,0.2128
weaver1@428,0.02
weaver1@429,0.2727
weaver1@430,1.0
weaver1@431,0.1193
weaver1@432,0.0
weaver1@433,0.1818
weaver1@434,0.0424
weaver1@435,0.0421
weaver1@436,0.0224
weaver1@437,0.0488
weaver1@438,0.0156
weaver1@439,0.0182
weaver1@440,0.0192
weaver1@441,0.9412
weaver1@442,0.0328
weaver1@443,0.0244
weaver1@444,0.6471
weaver1@445,0.1186
weaver1@446,0.0
weaver1@447,1.0
weaver1@448,0.0
weaver1@449,0.098
weaver1@450,0.1192
weaver2@401,0.0
weaver2@402,0.1733
weaver2@403,0.619
weaver2@404,0.0952
weaver2@405,0.3235
weaver2@406,0.5385
weaver2@407,0.2344
weaver2@408,0.117
weaver2@409,0.3
weaver2@410,0.4308
weaver2@411,0.2083
weaver2@412,0.0374
weaver2@413,0.1875
weaver2@414,0.2895
weaver2@415,0.225
weaver2@416,0.3421
weaver2@417,0.1324
weaver2@418,0.0965
weaver2@419,0.25
weaver2@420,0.3548
weaver2@421,0.0392
weaver2@422,0.0606
weaver2@423,0.619
weaver2@424,0.0442
weaver2@425,0.1752
weaver2@426,0.0219
weaver2@427,0.2128
weaver2@428,0.04
weaver2@429,0.2727
weaver2@430,1.0
weaver2@431,0.1743
weaver2@432,0.0
weaver2@433,0.4
weaver2@434,0.0932
weaver2@435,0.0211
weaver2@436,0.1022
weaver2@437,0.0488
weaver2@438,0.0769
weaver2@439,0.0367
weaver2@440,0.0577
weaver2@441,0.8235
weaver2@442,0.0328
weaver2@443,0.0732
weaver2@444,0.5294
weaver2@445,0.2712
weaver2@446,0.0
weaver2@447,0.6875
weaver2@448,0.0263
weaver2@449,0.0
weaver2@450,0.1192
Mer8Adtd1@401,0.0167
Mer8Adtd1@402,0.1184
Mer8Adtd1@403,0.7619
Mer8Adtd1@404,0.1238
Mer8Adtd1@405,0.2353
Mer8Adtd1@406,0.5385
Mer8Adtd1@407,0.2031
Mer8Adtd1@408,0.1064
Mer8Adtd1@409,0.3
Mer8Adtd1@410,0.4462
Mer8Adtd1@411,0.24
Mer8Adtd1@412,0.1402
Mer8Adtd1@413,0.0625
Mer8Adtd1@414,0.2105
Mer8Adtd1@415,0.1917
Mer8Adtd1@416,0.2632
Mer8Adtd1@417,0.2059
Mer8Adtd1@418,0.1316
Mer8Adtd1@419,0.125
Mer8Adtd1@420,0.4194
Mer8Adtd1@421,0.0392
Mer8Adtd1@422,0.1364
Mer8Adtd1@423,0.619
Mer8Adtd1@424,0.1186
Mer8Adtd1@425,0.1286
Mer8Adtd1@426,0.0438
Mer8Adtd1@427,0.1702
Mer8Adtd1@428,0.1
Mer8Adtd1@429,0.7273
Mer8Adtd1@430,0.8333
Mer8Adtd1@431,0.2385
Mer8Adtd1@432,0.0556
Mer8Adtd1@433,0.1818
Mer8Adtd1@434,0.0667
Mer8Adtd1@435,0.0632
Mer8Adtd1@436,0.0511
Mer8Adtd1@437,0.0732
Mer8Adtd1@438,0.1154
Mer8Adtd1@439,0.045
Mer8Adtd1@440,0.0962
Mer8Adtd1@441,0.7059
Mer8Adtd1@442,0.0164
Mer8Adtd1@443,0.0854
Mer8Adtd1@444,0.6471
Mer8Adtd1@445,0.1525
Mer8Adtd1@446,0.1228
Mer8Adtd1@447,0.0625
Mer8Adtd1@448,0.1053
Mer8Adtd1@449,0.1373
Mer8Adtd1@450,0.1192
Mer8Adtd2@401,0.0167
Mer8Adtd2@402,0.1184
Mer8Adtd2@403,0.7619
Mer8Adtd2@404,0.1238
Mer8Adtd2@405,0.2353
Mer8Adtd2@406,0.5385
Mer8Adtd2@407,0.2031
Mer8Adtd2@408,0.1064
Mer8Adtd2@409,0.3
Mer8Adtd2@410,0.4462
Mer8Adtd2@411,0.24
Mer8Adtd2@412,0.1402
Mer8Adtd2@413,0.0625
Mer8Adtd2@414,0.2105
Mer8Adtd2@415,0.1917
Mer8Adtd2@416,0.2632
Mer8Adtd2@417,0.2059
Mer8Adtd2@418,0.1316
Mer8Adtd2@419,0.125
Mer8Adtd2@420,0.4194
Mer8Adtd2@421,0.0392
Mer8Adtd2@422,0.1364
Mer8Adtd2@423,0.619
Mer8Adtd2@424,0.1186
Mer8Adtd2@425,0.1286
Mer8Adtd2@426,0.0438
Mer8Adtd2@427,0.1702
Mer8Adtd2@428,0.1
Mer8Adtd2@429,0.7273
Mer8Adtd2@430,0.8333
Mer8Adtd2@431,0.2385
Mer8Adtd2@432,0.0556
Mer8Adtd2@433,0.1818
Mer8Adtd2@434,0.0667
Mer8Adtd2@435,0.0632
Mer8Adtd2@436,0.0511
Mer8Adtd2@437,0.0732
Mer8Adtd2@438,0.1154
Mer8Adtd2@439,0.045
Mer8Adtd2@440,0.0962
Mer8Adtd2@441,0.7059
Mer8Adtd2@442,0.0164
Mer8Adtd2@443,0.0854
Mer8Adtd2@444,0.6471
Mer8Adtd2@445,0.1525
Mer8Adtd2@446,0.1228
Mer8Adtd2@447,0.0625
Mer8Adtd2@448,0.1053
Mer8Adtd2@449,0.1373
Mer8Adtd2@450,0.1192
tno8d4@401,0.0168
tno8d4@402,0.1184
tno8d4@403,0.8571
tno8d4@404,0.0865
tno8d4@405,0.2647
tno8d4@406,0.6154
tno8d4@407,0.2656
tno8d4@408,0.1277
tno8d4@409,0.25
tno8d4@410,0.4462
tno8d4@411,0.36
tno8d4@412,0.0654
tno8d4@413,0.1406
tno8d4@414,0.2895
tno8d4@415,0.2
tno8d4@416,0.3421
tno8d4@417,0.2647
tno8d4@418,0.1228
tno8d4@419,0.1875
tno8d4@420,0.4194
tno8d4@421,0.0392
tno8d4@422,0.1818
tno8d4@423,0.6667
tno8d4@424,0.161
tno8d4@425,0.1857
tno8d4@426,0.0511
tno8d4@427,0.1702
tno8d4@428,0.1
tno8d4@429,0.7273
tno8d4@430,1.0
tno8d4@431,0.2222
tno8d4@432,0.0
tno8d4@433,0.4545
tno8d4@434,0.0947
tno8d4@435,0.0737
tno8d4@436,0.0949
tno8d4@437,0.0488
tno8d4@438,0.1094
tno8d4@439,0.0364
tno8d4@440,0.1346
tno8d4@441,0.8235
tno8d4@442,0.0656
tno8d4@443,0.0976
tno8d4@444,1.0
tno8d4@445,0.2203
tno8d4@446,0.1404
tno8d4@447,0.5625
tno8d4@448,0.0526
tno8d4@449,0.1373
tno8d4@450,0.1399
tno8d3@401,0.0
tno8d3@402,0.2237
tno8d3@403,0.8571
tno8d3@404,0.0952
tno8d3@405,0.3529
tno8d3@406,0.5385
tno8d3@407,0.2813
tno8d3@408,0.117
tno8d3@409,0.3
tno8d3@410,0.4462
tno8d3@411,0.4
tno8d3@412,0.1776
tno8d3@413,0.2188
tno8d3@414,0.2368
tno8d3@415,0.2333
tno8d3@416,0.2368
tno8d3@417,0.1176
tno8d3@418,0.2018
tno8d3@419,0.375
tno8d3@420,0.5484
tno8d3@421,0.098
tno8d3@422,0.1288
tno8d3@423,0.6667
tno8d3@424,0.0855
tno8d3@425,0.0643
tno8d3@426,0.0146
tno8d3@427,0.1915
tno8d3@428,0.14
tno8d3@429,0.2727
tno8d3@430,1.0
tno8d3@431,0.1651
tno8d3@432,0.0
tno8d3@433,0.3636
tno8d3@434,0.0807
tno8d3@435,0.1053
tno8d3@436,0.1022
tno8d3@437,0.0732
tno8d3@438,0.0462
tno8d3@439,0.036
tno8d3@440,0.1346
tno8d3@441,0.7059
tno8d3@442,0.0
tno8d3@443,0.122
tno8d3@444,0.8235
tno8d3@445,0.2542
tno8d3@446,0.1228
tno8d3@447,0.1875
tno8d3@448,0.0263
tno8d3@449,0.1176
tno8d3@450,0.1451
8manexT3D1N0@401,0.1125
8manexT3D1N0@402,0.1711
8manexT3D1N0@403,0.9048
8manexT3D1N0@404,0.1143
8manexT3D1N0@405,0.4118
8manexT3D1N0@406,0.6923
8manexT3D1N0@407,0.25
8manexT3D1N0@408,0.1596
8manexT3D1N0@409,0.35
8manexT3D1N0@410,0.4462
8manexT3D1N0@411,0.44
8manexT3D1N0@412,0.215
8manexT3D1N0@413,0.25
8manexT3D1N0@414,0.5789
8manexT3D1N0@415,0.2333
8manexT3D1N0@416,0.3684
8manexT3D1N0@417,0.1029
8manexT3D1N0@418,0.114
8manexT3D1N0@419,0.3125
8manexT3D1N0@420,0.4516
8manexT3D1N0@421,0.1176
8manexT3D1N0@422,0.2273
8manexT3D1N0@423,0.5714
8manexT3D1N0@424,0.1525
8manexT3D1N0@425,0.2
8manexT3D1N0@426,0.1825
8manexT3D1N0@427,0.3191
8manexT3D1N0@428,0.13
8manexT3D1N0@429,0.8182
8manexT3D1N0@430,1.0
8manexT3D1N0@431,0.211
8manexT3D1N0@432,0.0556
8manexT3D1N0@433,0.1818
8manexT3D1N0@434,0.0737
8manexT3D1N0@435,0.1158
8manexT3D1N0@436,0.1898
8manexT3D1N0@437,0.122
8manexT3D1N0@438,0.1385
8manexT3D1N0@439,0.036
8manexT3D1N0@440,0.1731
8manexT3D1N0@441,0.6471
8manexT3D1N0@442,0.0164
8manexT3D1N0@443,0.122
8manexT3D1N0@444,0.7059
8manexT3D1N0@445,0.3898
8manexT3D1N0@446,0.193
8manexT3D1N0@447,0.125
8manexT3D1N0@448,0.1316
8manexT3D1N0@449,0.1765
8manexT3D1N0@450,0.1503
Flab8atdn@401,0.0292
Flab8atdn@402,0.2237
Flab8atdn@403,0.8571
Flab8atdn@404,0.1048
Flab8atdn@405,0.3235
Flab8atdn@406,0.6154
Flab8atdn@407,0.3125
Flab8atdn@408,0.1277
Flab8atdn@409,0.25
Flab8atdn@410,0.4462
Flab8atdn@411,0.48
Flab8atdn@412,0.2243
Flab8atdn@413,0.2188
Flab8atdn@414,0.2895
Flab8atdn@415,0.225
Flab8atdn@416,0.3947
Flab8atdn@417,0.0
Flab8atdn@418,0.114
Flab8atdn@419,0.375
Flab8atdn@420,0.4516
Flab8atdn@421,0.0196
Flab8atdn@422,0.1894
Flab8atdn@423,0.619
Flab8atdn@424,0.1695
Flab8atdn@425,0.1857
Flab8atdn@426,0.0949
Flab8atdn@427,0.1702
Flab8atdn@428,0.14
Flab8atdn@429,0.6364
Flab8atdn@430,1.0
Flab8atdn@431,0.1944
Flab8atdn@432,0.0
Flab8atdn@433,0.1818
Flab8atdn@434,0.1018
Flab8atdn@435,0.0947
Flab8atdn@436,0.1314
Flab8atdn@437,0.0732
Flab8atdn@438,0.0231
Flab8atdn@439,0.018
Flab8atdn@440,0.3269
Flab8atdn@441,0.7059
Flab8atdn@442,0.0164
Flab8atdn@443,0.1098
Flab8atdn@444,0.5882
Flab8atdn@445,0.2203
Flab8atdn@446,0.2018
Flab8atdn@447,0.8125
Flab8atdn@448,0.3158
Flab8atdn@449,0.1373
Flab8atdn@450,0.1295
Flab8as@401,0.0167
Flab8as@402,0.1579
Flab8as@403,0.8571
Flab8as@404,0.0857
Flab8as@405,0.3824
Flab8as@406,0.6154
Flab8as@407,0.2969
Flab8as@408,0.1277
Flab8as@409,0.25
Flab8as@410,0.4462
Flab8as@411,0.36
Flab8as@412,0.0094
Flab8as@413,0.3387
Flab8as@414,0.2895
Flab8as@415,0.2333
Flab8as@416,0.3684
Flab8as@417,0.0
Flab8as@418,0.1228
Flab8as@419,0.1875
Flab8as@420,0.4516
Flab8as@421,0.0
Flab8as@422,0.1591
Flab8as@423,0.619
Flab8as@424,0.1695
Flab8as@425,0.2
Flab8as@426,0.073
Flab8as@427,0.1915
Flab8as@428,0.15
Flab8as@429,0.6364
Flab8as@430,1.0
Flab8as@431,0.211
Flab8as@432,0.0
Flab8as@433,0.0909
Flab8as@434,0.0737
Flab8as@435,0.0947
Flab8as@436,0.1314
Flab8as@437,0.0488
Flab8as@438,0.0385
Flab8as@439,0.027
Flab8as@440,0.2941
Flab8as@441,0.7059
Flab8as@442,0.082
Flab8as@443,0.1098
Flab8as@444,0.6471
Flab8as@445,0.2203
Flab8as@446,0.1842
Flab8as@447,0.3125
Flab8as@448,0.0526
Flab8as@449,0.1373
Flab8as@450,0.1295
ic99dafb@401,0.0042
ic99dafb@402,0.1053
ic99dafb@403,0.7619
ic99dafb@404,0.0952
ic99dafb@405,0.3235
ic99dafb@406,0.5385
ic99dafb@407,0.2656
ic99dafb@408,0.1064
ic99dafb@409,0.15
ic99dafb@410,0.3538
ic99dafb@411,0.36
ic99dafb@412,0.0374
ic99dafb@413,0.0625
ic99dafb@414,0.2368
ic99dafb@415,0.2
ic99dafb@416,0.2632
ic99dafb@417,0.25
ic99dafb@418,0.0965
ic99dafb@419,0.25
ic99dafb@420,0.4839
ic99dafb@421,0.0392
ic99dafb@422,0.1136
ic99dafb@423,0.6667
ic99dafb@424,0.0508
ic99dafb@425,0.1786
ic99dafb@426,0.0511
ic99dafb@427,0.3191
ic99dafb@428,0.1
ic99dafb@429,0.8182
ic99dafb@430,1.0
ic99dafb@431,0.211
ic99dafb@432,0.0
ic99dafb@433,0.1818
ic99dafb@434,0.0737
ic99dafb@435,0.0211
ic99dafb@436,0.073
ic99dafb@437,0.122
ic99dafb@438,0.1154
ic99dafb@439,0.018
ic99dafb@440,0.0577
ic99dafb@441,0.6471
ic99dafb@442,0.0328
ic99dafb@443,0.0732
ic99dafb@444,0.8824
ic99dafb@445,0.1356
ic99dafb@446,0.0965
ic99dafb@447,0.25
ic99dafb@448,0.0263
ic99dafb@449,0.098
ic99dafb@450,0.0725
fub99tf@401,0.0
fub99tf@402,0.2105
fub99tf@403,0.9048
fub99tf@404,0.0667
fub99tf@405,0.3529
fub99tf@406,0.6154
fub99tf@407,0.2656
fub99tf@408,0.1383
fub99tf@409,0.3
fub99tf@410,0.4462
fub99tf@411,0.28
fub99tf@412,0.0841
fub99tf@413,0.2188
fub99tf@414,0.2632
fub99tf@415,0.2417
fub99tf@416,0.3947
fub99tf@417,0.2794
fub99tf@418,0.114
fub99tf@419,0.5625
fub99tf@420,0.4194
fub99tf@421,0.0196
fub99tf@422,0.197
fub99tf@423,0.5714
fub99tf@424,0.161
fub99tf@425,0.1571
fub99tf@426,0.1241
fub99tf@427,0.0851
fub99tf@428,0.07
fub99tf@429,0.4545
fub99tf@430,1.0
fub99tf@431,0.1743
fub99tf@432,0.0
fub99tf@433,0.0
fub99tf@434,0.1018
fub99tf@435,0.1053
fub99tf@436,0.0
fub99tf@437,0.0
fub99tf@438,0.0692
fub99tf@439,0.1171
fub99tf@440,0.1731
fub99tf@441,0.7059
fub99tf@442,0.0492
fub99tf@443,0.0988
fub99tf@444,0.4706
fub99tf@445,0.1864
fub99tf@446,0.2193
fub99tf@447,0.6875
fub99tf@448,0.2632
fub99tf@449,0.1373
fub99tf@450,0.1451
fub99a@401,0.0
fub99a@402,0.2368
fub99a@403,0.9048
fub99a@404,0.0762
fub99a@405,0.3529
fub99a@406,0.6154
fub99a@407,0.2656
fub99a@408,0.1383
fub99a@409,0.3
fub99a@410,0.4462
fub99a@411,0.28
fub99a@412,0.1215
fub99a@413,0.1875
fub99a@414,0.2105
fub99a@415,0.25
fub99a@416,0.3947
fub99a@417,0.2794
fub99a@418,0.114
fub99a@419,0.5625
fub99a@420,0.4516
fub99a@421,0.0196
fub99a@422,0.2197
fub99a@423,0.4762
fub99a@424,0.1525
fub99a@425,0.1786
fub99a@426,0.1241
fub99a@427,0.0851
fub99a@428,0.07
fub99a@429,0.4545
fub99a@430,1.0
fub99a@431,0.1927
fub99a@432,0.0
fub99a@433,0.0
fub99a@434,0.0982
fub99a@435,0.1158
fub99a@436,0.0
fub99a@437,0.0
fub99a@438,0.0769
fub99a@439,0.1081
fub99a@440,0.1538
fub99a@441,0.7059
fub99a@442,0.0492
fub99a@443,0.1098
fub99a@444,0.4706
fub99a@445,0.1864
fub99a@446,0.2193
fub99a@447,0.6875
fub99a@448,0.2895
fub99a@449,0.1569
fub99a@450,0.1451
fub99tt@401,0.0
fub99tt@402,0.2105
fub99tt@403,0.9048
fub99tt@404,0.0762
fub99tt@405,0.3529
fub99tt@406,0.6154
fub99tt@407,0.2656
fub99tt@408,0.1383
fub99tt@409,0.3
fub99tt@410,0.4462
fub99tt@411,0.28
fub99tt@412,0.0935
fub99tt@413,0.2188
fub99tt@414,0.2105
fub99tt@415,0.25
fub99tt@416,0.3947
fub99tt@417,0.2794
fub99tt@418,0.114
fub99tt@419,0.5625
fub99tt@420,0.4194
fub99tt@421,0.0196
fub99tt@422,0.1818
fub99tt@423,0.5714
fub99tt@424,0.161
fub99tt@425,0.1571
fub99tt@426,0.1241
fub99tt@427,0.0851
fub99tt@428,0.0808
fub99tt@429,0.4545
fub99tt@430,1.0
fub99tt@431,0.1835
fub99tt@432,0.0
fub99tt@433,0.0
fub99tt@434,0.1018
fub99tt@435,0.1064
fub99tt@436,0.0
fub99tt@437,0.0
fub99tt@438,0.0615
fub99tt@439,0.1171
fub99tt@440,0.1731
fub99tt@441,0.7059
fub99tt@442,0.0492
fub99tt@443,0.0988
fub99tt@444,0.4706
fub99tt@445,0.1864
fub99tt@446,0.2193
fub99tt@447,0.6875
fub99tt@448,0.2632
fub99tt@449,0.1373
fub99tt@450,0.1451
orcl99man@401,0.1167
orcl99man@402,0.1842
orcl99man@403,0.8095
orcl99man@404,0.0857
orcl99man@405,0.4118
orcl99man@406,0.4615
orcl99man@407,0.2813
orcl99man@408,0.2447
orcl99man@409,0.4
orcl99man@410,0.3846
orcl99man@411,0.36
orcl99man@412,0.1963
orcl99man@413,0.2344
orcl99man@414,0.3947
orcl99man@415,0.2167
orcl99man@416,0.3158
orcl99man@417,0.1176
orcl99man@418,0.2105
orcl99man@419,0.25
orcl99man@420,0.4839
orcl99man@421,0.2549
orcl99man@422,0.1894
orcl99man@423,1.0
orcl99man@424,0.1525
orcl99man@425,0.1429
orcl99man@426,0.2044
orcl99man@427,0.4468
orcl99man@428,0.21
orcl99man@429,1.0
orcl99man@430,1.0
orcl99man@431,0.1743
orcl99man@432,0.6667
orcl99man@433,0.0
orcl99man@434,0.1018
orcl99man@435,0.2
orcl99man@436,0.2044
orcl99man@437,0.0244
orcl99man@438,0.1154
orcl99man@439,0.2162
orcl99man@440,0.3269
orcl99man@441,0.7647
orcl99man@442,0.2459
orcl99man@443,0.0488
orcl99man@444,0.8824
orcl99man@445,0.3729
orcl99man@446,0.193
orcl99man@447,1.0
orcl99man@448,0.2368
orcl99man@449,0.1373
orcl99man@450,0.1192
MITSLStdn@401,0.075
MITSLStdn@402,0.2237
MITSLStdn@403,0.8571
MITSLStdn@404,0.1238
MITSLStdn@405,0.2941
MITSLStdn@406,0.5385
MITSLStdn@407,0.2813
MITSLStdn@408,0.2021
MITSLStdn@409,0.35
MITSLStdn@410,0.4462
MITSLStdn@411,0.4
MITSLStdn@412,0.1963
MITSLStdn@413,0.1875
MITSLStdn@414,0.2368
MITSLStdn@415,0.2083
MITSLStdn@416,0.2895
MITSLStdn@417,0.1912
MITSLStdn@418,0.1053
MITSLStdn@419,0.3125
MITSLStdn@420,0.4194
MITSLStdn@421,0.0196
MITSLStdn@422,0.1667
MITSLStdn@423,0.7619
MITSLStdn@424,0.1709
MITSLStdn@425,0.2014
MITSLStdn@426,0.0657
MITSLStdn@427,0.234
MITSLStdn@428,0.15
MITSLStdn@429,0.7273
MITSLStdn@430,1.0
MITSLStdn@431,0.1927
MITSLStdn@432,0.0
MITSLStdn@433,0.2727
MITSLStdn@434,0.0947
MITSLStdn@435,0.0947
MITSLStdn@436,0.0949
MITSLStdn@437,0.0488
MITSLStdn@438,0.1231
MITSLStdn@439,0.027
MITSLStdn@440,0.1731
MITSLStdn@441,0.8235
MITSLStdn@442,0.0328
MITSLStdn@443,0.2278
MITSLStdn@444,0.8235
MITSLStdn@445,0.1864
MITSLStdn@446,0.1681
MITSLStdn@447,0.6875
MITSLStdn@448,0.0526
MITSLStdn@449,0.1373
MITSLStdn@450,0.1295
MITSLStd@401,0.0293
MITSLStd@402,0.1711
MITSLStd@403,0.9048
MITSLStd@404,0.1143
MITSLStd@405,0.2353
MITSLStd@406,0.6154
MITSLStd@407,0.2969
MITSLStd@408,0.117
MITSLStd@409,0.35
MITSLStd@410,0.4462
MITSLStd@411,0.4
MITSLStd@412,0.1589
MITSLStd@413,0.125
MITSLStd@414,0.2368
MITSLStd@415,0.2167
MITSLStd@416,0.2895
MITSLStd@417,0.1471
MITSLStd@418,0.114
MITSLStd@419,0.25
MITSLStd@420,0.4194
MITSLStd@421,0.0588
MITSLStd@422,0.1515
MITSLStd@423,0.7143
MITSLStd@424,0.1538
MITSLStd@425,0.2
MITSLStd@426,0.0584
MITSLStd@427,0.2553
MITSLStd@428,0.15
MITSLStd@429,0.7273
MITSLStd@430,1.0
MITSLStd@431,0.1927
MITSLStd@432,0.0
MITSLStd@433,0.2727
MITSLStd@434,0.0947
MITSLStd@435,0.0632
MITSLStd@436,0.1022
MITSLStd@437,0.0488
MITSLStd@438,0.1231
MITSLStd@439,0.027
MITSLStd@440,0.1731
MITSLStd@441,0.8824
MITSLStd@442,0.0492
MITSLStd@443,0.2439
MITSLStd@444,0.8824
MITSLStd@445,0.2542
MITSLStd@446,0.1667
MITSLStd@447,0.25
MITSLStd@448,0.0263
MITSLStd@449,0.098
MITSLStd@450,0.1347